﻿<?xml version="1.0" encoding="utf-8"?>
<TextureAtlas>
  <Texture>Assets/Player/Animations/playermodel2Atlas</Texture>
  <Regions>
    <!-- Idle frames -->
    <Region name="player-1" x="0" y="0" width="123" height="64" />
    <Region name="player-2" x="123" y="0" width="123" height="64" />
    <Region name="player-3" x="246" y="0" width="123" height="64" />
    <Region name="player-4" x="369" y="0" width="123" height="64" />
    <Region name="player-5" x="492" y="0" width="123" height="64" />
    <Region name="player-6" x="615" y="0" width="123" height="64" />
    <Region name="player-7" x="738" y="0" width="123" height="64" />
    <Region name="player-8" x="861" y="0" width="123" height="64" />
    <Region name="player-9" x="984" y="0" width="123" height="64" />
    <Region name="player-10" x="1107" y="0" width="123" height="64" />
    <Region name="player-11" x="1230" y="0" width="123" height="64" />
    <Region name="player-12" x="1353" y="0" width="123" height="64" />

    <!-- Run animation -->
    <Region name="player-run-1" x="0" y="64" width="123" height="64" />
    <Region name="player-run-2" x="123" y="64" width="123" height="64" />
    <Region name="player-run-3" x="246" y="64" width="123" height="64" />
    <Region name="player-run-4" x="369" y="64" width="123" height="64" />
    <Region name="player-run-5" x="492" y="64" width="123" height="64" />
    <Region name="player-run-6" x="615" y="64" width="123" height="64" />
    <Region name="player-run-7" x="738" y="64" width="123" height="64" />
    <Region name="player-run-8" x="861" y="64" width="123" height="64" />

    <!-- Jump animation -->
    <Region name="player-jump-1" x="0" y="128" width="123" height="64" />
    <Region name="player-jump-2" x="123" y="128" width="123" height="64" />
    <Region name="player-jump-3" x="246" y="128" width="123" height="64" />
    <Region name="player-jump-4" x="369" y="128" width="123" height="64" />
    <Region name="player-jump-5" x="492" y="128" width="123" height="64" />
    <Region name="player-jump-6" x="615" y="128" width="123" height="64" />

    <!-- Pre attack animation -->
    <Region name="player-attack-1" x="0" y="256" width="123" height="64" />
    <Region name="player-attack-2" x="123" y="256" width="123" height="64" />
    <Region name="player-attack-3" x="246" y="256" width="123" height="64" />
    <Region name="player-attack-4" x="369" y="256" width="123" height="64" />

    <!-- Attack animation combo 1 -->
    <Region name="player-attack-5" x="492" y="256" width="123" height="64" />
    <Region name="player-attack-6" x="615" y="256" width="123" height="64" />
    <Region name="player-attack-7" x="738" y="256" width="123" height="64" />
    <Region name="player-attack-8" x="861" y="256" width="123" height="64" />
    <Region name="player-attack-9" x="984" y="256" width="123" height="64" />

    <!-- Attack animation combo 2 -->
    <Region name="player-attack-10" x="1107" y="256" width="123" height="64" />
    <Region name="player-attack-11" x="1230" y="256" width="123" height="64" />
    <Region name="player-attack-12" x="1353" y="256" width="123" height="64" />
    <Region name="player-attack-13" x="1476" y="256" width="123" height="64" />
    <Region name="player-attack-14" x="1599" y="256" width="123" height="64" />

    <!-- Attack animation combo 3 -->
    <Region name="player-attack-15" x="1722" y="256" width="123" height="64" />
    <Region name="player-attack-16" x="1845" y="256" width="123" height="64" />
    <Region name="player-attack-17" x="1968" y="256" width="123" height="64" />
    <Region name="player-attack-18" x="2091" y="256" width="123" height="64" />
    <Region name="player-attack-19" x="2214" y="256" width="123" height="64" />
    <Region name="player-attack-20" x="2337" y="256" width="123" height="64" />
  </Regions>

  <Animations>
    <Animation name="idle-animation" delay="80">
      <Frame region="player-1" />
      <Frame region="player-2" />
      <Frame region="player-3" />
      <Frame region="player-4" />
      <Frame region="player-5" />
      <Frame region="player-6" />
      <Frame region="player-7" />
      <Frame region="player-8" />
      <Frame region="player-9" />
      <Frame region="player-10" />
      <Frame region="player-11" />
      <Frame region="player-12" />
    </Animation>

    <Animation name="run-animation" delay="80">
      <Frame region="player-run-1"/>
      <Frame region="player-run-2"/>
      <Frame region="player-run-3"/>
      <Frame region="player-run-4"/>
      <Frame region="player-run-5"/>
      <Frame region="player-run-6"/>
      <Frame region="player-run-7"/>
      <Frame region="player-run-8"/>
    </Animation>

    <Animation name="jump-animation" delay="80">
      <Frame region="player-jump-1"/>
      <Frame region="player-jump-2"/>
      <Frame region="player-jump-3"/>
      <Frame region="player-jump-4"/>
      <Frame region="player-jump-5"/>
      <Frame region="player-jump-6"/>
    </Animation>

    <Animation name="attack-1-animation" delay="50">
      <Frame region="player-attack-3"/>
      <Frame region="player-attack-4"/>
      <Frame region="player-attack-5"/>
      <Frame region="player-attack-6"/>
      <Frame region="player-attack-7"/>
      <Frame region="player-attack-8"/>
    </Animation>

    <Animation name="attack-2-animation" delay="80">
      <Frame region="player-attack-10"/>
      <Frame region="player-attack-11"/>
      <Frame region="player-attack-12"/>
      <Frame region="player-attack-13"/>
    </Animation>

    <Animation name="attack-3-animation" delay="80">
      <Frame region="player-attack-15"/>
      <Frame region="player-attack-16"/>
      <Frame region="player-attack-17"/>
      <Frame region="player-attack-18"/>
    </Animation>
  </Animations>
</TextureAtlas>
