{
  "ogmoVersion": "3.4.0",
  "width": 800,
  "height": 368,
  "offsetX": 0,
  "offsetY": 0,
  "layers": [
    {
      "name": "0.2",
      "_eid": "96367620",
      "offsetX": 0,
      "offsetY": 0,
      "gridCellWidth": 16,
      "gridCellHeight": 16,
      "gridCellsX": 50,
      "gridCellsY": 23,
      "tileset": "Main",
      "data": [-1, -1, -1, -1, -1, -1, -1, -1, -1, -1, -1, -1, -1, -1, -1, -1, -1, -1, -1, -1, -1, -1, -1, -1, -1, -1, -1, -1, -1, -1, -1, -1, -1, -1, -1, -1, -1, -1, -1, -1, -1, -1, -1, -1, -1, -1, -1, -1, -1, -1, -1, -1, -1, -1, -1, -1, -1, -1, -1, -1, -1, -1, -1, -1, -1, -1, -1, -1, -1, -1, -1, -1, -1, -1, -1, -1, -1, -1, -1, -1, -1, -1, -1, -1, -1, -1, -1, -1, -1, -1, -1, -1, -1, -1, -1, -1, -1, -1, -1, -1, -1, -1, -1, -1, -1, -1, -1, -1, -1, -1, -1, -1, -1, -1, -1, -1, -1, -1, -1, -1, -1, -1, -1, -1, -1, -1, -1, -1, -1, -1, -1, -1, -1, -1, -1, -1, -1, -1, -1, -1, -1, -1, -1, -1, -1, -1, -1, -1, -1, -1, -1, -1, -1, -1, -1, -1, -1, -1, -1, -1, -1, -1, -1, -1, -1, -1, -1, -1, -1, -1, -1, -1, -1, -1, -1, -1, -1, -1, -1, -1, -1, -1, -1, -1, -1, -1, -1, -1, -1, -1, -1, -1, -1, -1, -1, -1, -1, -1, -1, -1, -1, -1, -1, -1, -1, -1, -1, -1, -1, -1, -1, -1, -1, -1, -1, -1, -1, -1, -1, -1, -1, -1, -1, -1, -1, -1, -1, -1, -1, -1, -1, -1, -1, -1, -1, -1, -1, -1, -1, -1, -1, -1, -1, -1, -1, -1, -1, -1, -1, -1, -1, -1, -1, -1, -1, -1, -1, -1, -1, -1, -1, -1, -1, -1, -1, -1, -1, -1, -1, -1, -1, -1, -1, -1, -1, -1, -1, -1, -1, -1, -1, -1, -1, -1, -1, -1, -1, -1, -1, -1, -1, -1, -1, -1, -1, -1, -1, -1, -1, -1, -1, -1, -1, -1, -1, -1, -1, -1, -1, -1, -1, -1, -1, -1, -1, -1, -1, -1, -1, -1, -1, -1, -1, -1, -1, -1, -1, -1, -1, -1, -1, -1, -1, -1, -1, -1, -1, -1, -1, -1, -1, -1, -1, -1, -1, -1, -1, -1, -1, -1, -1, -1, -1, -1, -1, -1, -1, -1, -1, -1, -1, -1, -1, -1, -1, -1, -1, -1, -1, -1, -1, -1, -1, -1, -1, -1, -1, -1, -1, -1, -1, -1, -1, -1, -1, -1, -1, -1, -1, -1, -1, -1, -1, -1, -1, -1, -1, -1, -1, -1, -1, -1, -1, -1, -1, -1, -1, -1, -1, -1, -1, -1, -1, -1, 111, 51, -1, -1, -1, -1, -1, -1, -1, -1, -1, -1, -1, -1, -1, -1, -1, -1, -1, -1, -1, -1, -1, -1, -1, -1, -1, -1, -1, -1, -1, -1, -1, -1, -1, -1, -1, -1, -1, -1, -1, -1, -1, -1, -1, -1, -1, -1, -1, -1, 143, 115, 50, 117, -1, -1, -1, -1, -1, -1, -1, -1, -1, -1, -1, -1, -1, -1, -1, -1, -1, -1, -1, -1, -1, -1, -1, -1, -1, -1, -1, -1, -1, -1, -1, -1, -1, -1, -1, -1, -1, -1, -1, -1, -1, -1, -1, -1, -1, -1, 175, 242, 242, 243, -1, -1, -1, -1, -1, -1, -1, -1, -1, -1, -1, -1, -1, -1, -1, -1, -1, -1, -1, -1, -1, -1, -1, -1, -1, -1, -1, -1, -1, -1, -1, -1, -1, -1, -1, -1, -1, -1, -1, -1, -1, -1, -1, -1, -1, -1, -1, -1, -1, -1, -1, -1, -1, -1, -1, -1, -1, -1, -1, -1, -1, -1, -1, -1, -1, -1, -1, -1, -1, -1, -1, -1, -1, -1, -1, -1, -1, -1, -1, -1, -1, -1, -1, -1, -1, -1, -1, -1, -1, -1, -1, -1, -1, -1, -1, -1, -1, -1, -1, -1, -1, -1, -1, -1, -1, -1, -1, -1, -1, -1, -1, -1, -1, -1, -1, -1, -1, -1, -1, -1, -1, -1, -1, -1, -1, -1, -1, -1, -1, -1, -1, -1, -1, -1, -1, -1, -1, -1, -1, -1, -1, -1, -1, -1, -1, -1, -1, -1, -1, -1, -1, -1, -1, -1, -1, -1, -1, -1, -1, -1, -1, -1, -1, -1, -1, -1, -1, -1, -1, -1, -1, -1, -1, -1, -1, -1, -1, -1, -1, -1, -1, -1, -1, -1, -1, -1, -1, -1, -1, -1, -1, -1, -1, 111, 112, 112, 112, 112, 112, 112, 51, -1, -1, -1, -1, -1, -1, -1, -1, -1, -1, -1, -1, -1, -1, -1, -1, -1, -1, -1, -1, -1, -1, 111, 112, 50, 50, 50, 50, 50, 50, 50, -1, -1, -1, -1, -1, -1, -1, -1, -1, -1, -1, 143, 146, 146, 146, 146, 146, 146, 115, 116, 117, -1, -1, -1, -1, -1, -1, -1, -1, -1, -1, -1, -1, -1, -1, -1, -1, -1, -1, 49, 50, 113, 146, 146, 146, 146, 146, 146, 146, 146, -1, -1, -1, -1, -1, -1, -1, -1, -1, -1, -1, 241, 177, 146, 146, 146, 146, 146, 146, 146, 115, 116, 50, 50, 50, 50, 50, 50, 50, 51, -1, -1, -1, 111, 50, 50, 50, 50, 50, 113, 146, 146, 146, 146, 146, 146, 146, 146, 146, 146, -1, -1, -1, -1, -1, -1, -1, -1, -1, -1, -1, -1, 209, 146, 146, 146, 146, 146, 146, 146, 146, 146, 146, 146, 146, 146, 146, 146, 146, 149, -1, -1, -1, 143, 146, 146, 146, 146, 146, 146, 146, 146, 146, 146, 146, 146, 146, 146, 146, 146, -1, -1, -1, -1, -1, -1, -1, -1, -1, -1, -1, -1, 143, 146, 146, 146, 146, 146, 146, 146, 146, 146, 146, 146, 146, 146, 146, 146, 146, 149, -1, -1, -1, 143, 146, 146, 146, 146, 146, 146, 146, 146, 146, 146, 146, 146, 146, 146, 146, 146, -1, -1, -1, -1, -1, -1, -1, -1, 49, 50, 50, 50, 113, 146, 146, 146, 146, 146, 146, 146, 146, 146, 146, 146, 146, 146, 146, 146, 146, 149, -1, -1, -1, 143, 146, 146, 146, 146, 146, 146, 146, 146, 146, 146, 146, 146, 146, 146, 146, 146, 50, 50, 50, 50, 51, -1, -1, -1, 143, 146, 146, 146, 146, 146, 146, 146, 146, 146, 146, 146, 146, 146, 146, 146, 146, 146, 146, 146, 146, 149, -1, -1, -1, 143, 146, 146, 146, 146, 146, 146, 146, 146, 146, 146, 146, 146, 146, 146, 146, 146, 145, 145, 146, 146, 83, -1, -1, -1, 143, 146, 146, 146, 146, 146, 146, 146, 146, 146, 146, 146, 146, 146, 146, 146, 146, 146, 146, 146, 146, 149, -1, -1, -1, 143, 146, 146, 146, 146, 146, 146, 146, 146, 146, 146, 146, 146, 146, 146, 146, 146, 145, 145, 146, 146, 149, -1, -1, -1, 143, 146, 146, 146, 146, 146, 146, 146, 146, 146, 146, 146, 146, 146, 146, 146, 146, 146, 146, 146, 146, 149, -1, -1, -1, 143, 146, 146, 146, 146, 146, 146, 146, 146, 146, 146, 146, 146, 146, 146, 146, 146],
      "exportMode": 0,
      "arrayMode": 0
    },
    {
      "name": "Entity",
      "_eid": "96367513",
      "offsetX": 0,
      "offsetY": 0,
      "gridCellWidth": 8,
      "gridCellHeight": 8,
      "gridCellsX": 100,
      "gridCellsY": 46,
      "entities": [
        {"name": "Player", "id": 0, "_eid": "92345250", "x": 8, "y": 288, "originX": 0, "originY": 0},
        {
          "name": "collision",
          "id": 2,
          "_eid": "90404808",
          "x": 0,
          "y": 320,
          "width": 80,
          "height": 48,
          "originX": 0,
          "originY": 0,
          "values": {"collision": true}
        },
        {
          "name": "collision",
          "id": 3,
          "_eid": "90404808",
          "x": 128,
          "y": 304,
          "width": 352,
          "height": 64,
          "originX": 0,
          "originY": 0,
          "values": {"collision": true}
        },
        {
          "name": "collision",
          "id": 4,
          "_eid": "90404808",
          "x": 176,
          "y": 224,
          "width": 128,
          "height": 48,
          "originX": 0,
          "originY": 0,
          "values": {"collision": true}
        },
        {
          "name": "collision",
          "id": 5,
          "_eid": "90404808",
          "x": 304,
          "y": 240,
          "width": 32,
          "height": 32,
          "originX": 0,
          "originY": 0,
          "values": {"collision": true}
        },
        {
          "name": "collision",
          "id": 6,
          "_eid": "90404808",
          "x": 336,
          "y": 256,
          "width": 144,
          "height": 16,
          "originX": 0,
          "originY": 0,
          "values": {"collision": true}
        },
        {
          "name": "collision",
          "id": 7,
          "_eid": "90404808",
          "x": 192,
          "y": 272,
          "width": 288,
          "height": 32,
          "originX": 0,
          "originY": 0,
          "values": {"collision": true}
        },
        {
          "name": "collision",
          "id": 8,
          "_eid": "90404808",
          "x": 528,
          "y": 256,
          "width": 272,
          "height": 112,
          "originX": 0,
          "originY": 0,
          "values": {"collision": true}
        },
        {
          "name": "collision",
          "id": 9,
          "_eid": "90404808",
          "x": 624,
          "y": 240,
          "width": 176,
          "height": 16,
          "originX": 0,
          "originY": 0,
          "values": {"collision": true}
        },
        {
          "name": "collision",
          "id": 10,
          "_eid": "90404808",
          "x": 656,
          "y": 224,
          "width": 144,
          "height": 16,
          "originX": 0,
          "originY": 0,
          "values": {"collision": true}
        },
        {
          "name": "collision",
          "id": 11,
          "_eid": "90404808",
          "x": 224,
          "y": 128,
          "width": 32,
          "height": 48,
          "originX": 0,
          "originY": 0,
          "values": {"collision": true}
        },
        {
          "name": "collision",
          "id": 12,
          "_eid": "90404808",
          "x": 256,
          "y": 144,
          "width": 32,
          "height": 32,
          "originX": 0,
          "originY": 0,
          "values": {"collision": true}
        },
        {
          "name": "collision",
          "id": 13,
          "_eid": "90404808",
          "x": -16,
          "y": -8,
          "width": 16,
          "height": 376,
          "originX": 0,
          "originY": 0,
          "values": {"collision": true}
        }
      ]
    }
  ]
}